date,hires
1/1/2019,11891
1/2/2019,13934
1/3/2019,13689
1/4/2019,13264
1/5/2019,9874
1/6/2019,10025
1/7/2019,14975
1/8/2019,14384
1/9/2019,15446
1/10/2019,13965
1/11/2019,14783
1/12/2019,11109
1/13/2019,12716
1/14/2019,13502
1/15/2019,15491
1/16/2019,15062
1/17/2019,15314
1/18/2019,14452
1/19/2019,13521
1/20/2019,13009
1/21/2019,15017
1/22/2019,15961
1/23/2019,16303
1/24/2019,15186
1/25/2019,14371
1/26/2019,13462
1/27/2019,12667
1/28/2019,16954
1/29/2019,16876
1/30/2019,15936
1/31/2019,18632
2/1/2019,17309
2/2/2019,12019
2/3/2019,13195
2/4/2019,16782
2/5/2019,15592
2/6/2019,16316
2/7/2019,15560
2/8/2019,16867
2/9/2019,14960
2/10/2019,14566
2/11/2019,16596
2/12/2019,17673
2/13/2019,17651
2/14/2019,16681
2/15/2019,17539
2/16/2019,13569
2/17/2019,14060
2/18/2019,18610
2/19/2019,18474
2/20/2019,17116
2/21/2019,18464
2/22/2019,18179
2/23/2019,14356
2/24/2019,15055
2/25/2019,17358
2/26/2019,16266
2/27/2019,19816
2/28/2019,20138
3/1/2019,17968
3/2/2019,15051
3/3/2019,14238
3/4/2019,18035
3/5/2019,18956
3/6/2019,17930
3/7/2019,17829
3/8/2019,18794
3/9/2019,16411
3/10/2019,14353
3/11/2019,17688
3/12/2019,17220
3/13/2019,18272
3/14/2019,18002
3/15/2019,19260
3/16/2019,14855
3/17/2019,16261
3/18/2019,18496
3/19/2019,20816
3/20/2019,18886
3/21/2019,16566
3/22/2019,17532
3/23/2019,15541
3/24/2019,15714
3/25/2019,20276
3/26/2019,19009
3/27/2019,19030
3/28/2019,18240
3/29/2019,19485
3/30/2019,15784
3/31/2019,15778
4/1/2019,19453
4/2/2019,19817
4/3/2019,18316
4/4/2019,18837
4/5/2019,20390
4/6/2019,16096
4/7/2019,15982
4/8/2019,19533
4/9/2019,18791
4/10/2019,18550
4/11/2019,19729
4/12/2019,19357
4/13/2019,14298
4/14/2019,16811
4/15/2019,21423
4/16/2019,18969
4/17/2019,18956
4/18/2019,20261
4/19/2019,17882
4/20/2019,16617
4/21/2019,15237
4/22/2019,19936
4/23/2019,19070
4/24/2019,18627
4/25/2019,18657
4/26/2019,18972
4/27/2019,15804
4/28/2019,16258
4/29/2019,18340
4/30/2019,19460
5/1/2019,17821
5/2/2019,18399
5/3/2019,19321
5/4/2019,14194
5/5/2019,13073
5/6/2019,18398
5/7/2019,17904
5/8/2019,20957
5/9/2019,17391
5/10/2019,16554
5/11/2019,14811
5/12/2019,13597
5/13/2019,17213
5/14/2019,17882
5/15/2019,18078
5/16/2019,17203
5/17/2019,16540
5/18/2019,14977
5/19/2019,14083
5/20/2019,16421
5/21/2019,17121
5/22/2019,15781
5/23/2019,16605
5/24/2019,18648
5/25/2019,12828
5/26/2019,13754
5/27/2019,17049
5/28/2019,16075
5/29/2019,16864
5/30/2019,15406
5/31/2019,16807
6/1/2019,11299
6/2/2019,12473
6/3/2019,17231
6/4/2019,15705
6/5/2019,17629
6/6/2019,16219
6/7/2019,15672
6/8/2019,11504
6/9/2019,13463
6/10/2019,15117
6/11/2019,15835
6/12/2019,14257
6/13/2019,16832
6/14/2019,15857
6/15/2019,12092
6/16/2019,12592
6/17/2019,14860
6/18/2019,15369
6/19/2019,13787
6/20/2019,14607
6/21/2019,15280
6/22/2019,9827
6/23/2019,12706
6/24/2019,15639
6/25/2019,15516
6/26/2019,13898
6/27/2019,15361
6/28/2019,14613
6/29/2019,10671
6/30/2019,11078
7/1/2019,13723
7/2/2019,12769
7/3/2019,13159
7/4/2019,14039
7/5/2019,13175
7/6/2019,10761
7/7/2019,9397
7/8/2019,12643
7/9/2019,12776
7/10/2019,11114
7/11/2019,13685
7/12/2019,10935
7/13/2019,9131
7/14/2019,9772
7/15/2019,13668
7/16/2019,12195
7/17/2019,11357
7/18/2019,10491
7/19/2019,10989
7/20/2019,10427
7/21/2019,9563
7/22/2019,11510
7/23/2019,10314
7/24/2019,10536
7/25/2019,10359
7/26/2019,11650
7/27/2019,7526
7/28/2019,8963
7/29/2019,10007
7/30/2019,10326
7/31/2019,9063
8/1/2019,12558
8/2/2019,9111
8/3/2019,6393
8/4/2019,7211
8/5/2019,8338
8/6/2019,9641
8/7/2019,8869
8/8/2019,8778
8/9/2019,9475
8/10/2019,7864
8/11/2019,8186
8/12/2019,9404
8/13/2019,7539
8/14/2019,8825
8/15/2019,7045
8/16/2019,8420
8/17/2019,6773
8/18/2019,7315
8/19/2019,7727
8/20/2019,7186
8/21/2019,9901
8/22/2019,7757
8/23/2019,7482
8/24/2019,6637
8/25/2019,6093
8/26/2019,7448
8/27/2019,7371
8/28/2019,9195
8/29/2019,6135
8/30/2019,6438
8/31/2019,4768
9/1/2019,7405
9/2/2019,8170
9/3/2019,6691
9/4/2019,8904
9/5/2019,5923
9/6/2019,6440
9/7/2019,5568
9/8/2019,5561
9/9/2019,7205
9/10/2019,8394
9/11/2019,7453
9/12/2019,6488
9/13/2019,6235
9/14/2019,4770
9/15/2019,5313
9/16/2019,7993
9/17/2019,5912
9/18/2019,6909
9/19/2019,6519
9/20/2019,7543
9/21/2019,5326
9/22/2019,5034
9/23/2019,6072
9/24/2019,6301
9/25/2019,6859
9/26/2019,6261
9/27/2019,6699
9/28/2019,5637
9/29/2019,4290
9/30/2019,5572
10/1/2019,6156
10/2/2019,6032
10/3/2019,5443
10/4/2019,7031
10/5/2019,4761
10/6/2019,4935
10/7/2019,5760
10/8/2019,8626
10/9/2019,6719
10/10/2019,6997
10/11/2019,7454
10/12/2019,5999
10/13/2019,3529
10/14/2019,7140
10/15/2019,6219
10/16/2019,6131
10/17/2019,7335
10/18/2019,6929
10/19/2019,6271
10/20/2019,5569
10/21/2019,7321
10/22/2019,7203
10/23/2019,6783
10/24/2019,6009
10/25/2019,6779
10/26/2019,6017
10/27/2019,4963
10/28/2019,6958
10/29/2019,7053
10/30/2019,6814
10/31/2019,7119
11/1/2019,6667
11/2/2019,5533
11/3/2019,6478
11/4/2019,7972
11/5/2019,7886
11/6/2019,9268
11/7/2019,6857
11/8/2019,6446
11/9/2019,6784
11/10/2019,7544
11/11/2019,8598
11/12/2019,7420
11/13/2019,7133
11/14/2019,6074
11/15/2019,8166
11/16/2019,5660
11/17/2019,7322
11/18/2019,8954
11/19/2019,8436
11/20/2019,9356
11/21/2019,7545
11/22/2019,8620
11/23/2019,7336
11/24/2019,7566
11/25/2019,7769
11/26/2019,7426
11/27/2019,9140
11/28/2019,9407
11/29/2019,8046
11/30/2019,6345
12/1/2019,10252
12/2/2019,9193
12/3/2019,10213
12/4/2019,9296
12/5/2019,10225
12/6/2019,10617
12/7/2019,8051
12/8/2019,7462
12/9/2019,12177
12/10/2019,10302
12/11/2019,11221
12/12/2019,11311
12/13/2019,10818
12/14/2019,8652
12/15/2019,10014
12/16/2019,10874
12/17/2019,12225
12/18/2019,10960
12/19/2019,10562
12/20/2019,11505
12/21/2019,9145
12/22/2019,10066
12/23/2019,11820
12/24/2019,12059
12/25/2019,11745
12/26/2019,12935
12/27/2019,11315
12/28/2019,11129
12/29/2019,11254
12/30/2019,13273
12/31/2019,12555
